{"v":"4.8.0","meta":{"g":"LottieFiles AE 1.0.0","a":"","k":"","d":"","tc":"#FFFFFF"},"fr":30,"ip":0,"op":210,"w":1000,"h":1000,"nm":"Pascal","ddd":0,"assets":[],"fonts":{"list":[{"fName":"Consolas","fFamily":"Consolas","fStyle":"Regular","ascent":73.0475952848792}]},"layers":[{"ddd":0,"ind":1,"ty":5,"nm":"result","sr":1,"ks":{"o":{"a":0,"k":100,"ix":11},"r":{"a":0,"k":0,"ix":10},"p":{"a":0,"k":[89.799,386.225,0],"ix":2},"a":{"a":0,"k":[0,0,0],"ix":1},"s":{"a":0,"k":[100,100,100],"ix":6}},"ao":0,"t":{"d":{"k":[{"s":{"s":41,"f":"Consolas","t":"1 2 3 4 5 6 7 8 9 10 11 12 13 14 15\u000316 17 1819 20 21 22 23 24 25 26 27 \u000328 29 30 31 32 33 34 36 36 37 38 39 \r40 41 42 43 44 45 46 47 48 49 50 51 \u000352 53 54 55 56 57 58 59 60 61 62 63 \u000364 65 66 57 68 69 70 71 72 73 74 75 \u000376 77 78 79 80 81 82 83 84 85 86 87 \u000388 89 90 91 92 93 94 95 96 97 98 99 \u0003100 101 102 103 104 105 106 107 108 \u0003109 110 111 112 113 114 115 116 117\r118 119 120 121 122 123 124 125 126 \u0003127 128 129 130 131 132 133 134 135 \u0003136 137 138 139 140 141 142 143 144","j":0,"tr":76,"lh":49.2000007629395,"ls":14,"fc":[1,1,1]},"t":0}]},"p":{},"m":{"g":1,"a":{"a":0,"k":[0,0],"ix":2}},"a":[{"nm":"Animator 1","s":{"t":0,"xe":{"k":0},"ne":{"k":0},"a":{"k":100},"b":1,"sh":0,"s":{"k":0},"e":{"k":100},"o":{"k":0}},"a":{"o":{"a":0,"k":100,"ix":9}}},{"nm":"Animator 2","s":{"t":0,"xe":{"a":0,"k":0,"ix":7},"ne":{"a":0,"k":0,"ix":8},"a":{"a":0,"k":100,"ix":4},"b":1,"rn":0,"sh":1,"s":{"a":1,"k":[{"i":{"x":[0.833],"y":[0.833]},"o":{"x":[0.167],"y":[0.167]},"t":90,"s":[0]},{"t":200,"s":[100]}],"ix":1},"r":1},"a":{"o":{"a":0,"k":0,"ix":9}}}]},"ip":90,"op":210,"st":0,"bm":0},{"ddd":0,"ind":2,"ty":5,"nm":"Code","sr":1,"ks":{"o":{"a":0,"k":100,"ix":11},"r":{"a":0,"k":0,"ix":10},"p":{"a":0,"k":[67.132,125.545,0],"ix":2},"a":{"a":0,"k":[0,0,0],"ix":1},"s":{"a":0,"k":[100,100,100],"ix":6}},"ao":0,"t":{"d":{"k":[{"s":{"s":41,"f":"Consolas","t":"for i:= 0 to 144 do\rBegin\r  inc(i);\r  Write(IncToStr(i))\rend;\r\r","j":0,"tr":76,"lh":49.2000007629395,"ls":14,"fc":[1,1,1]},"t":0}]},"p":{},"m":{"g":1,"a":{"a":0,"k":[0,0],"ix":2}},"a":[{"nm":"Animator 1","s":{"t":0,"xe":{"a":0,"k":0,"ix":7},"ne":{"a":0,"k":0,"ix":8},"a":{"a":0,"k":100,"ix":4},"b":1,"rn":0,"sh":1,"s":{"a":1,"k":[{"i":{"x":[0.833],"y":[0.833]},"o":{"x":[0.167],"y":[0.167]},"t":0,"s":[0]},{"t":75.0751953125,"s":[100]}],"ix":1},"r":1},"a":{"o":{"a":0,"k":0,"ix":9}}}]},"ip":0,"op":210,"st":0,"bm":0},{"ddd":0,"ind":3,"ty":1,"nm":"BG Black","sr":1,"ks":{"o":{"a":0,"k":100,"ix":11},"r":{"a":0,"k":0,"ix":10},"p":{"a":0,"k":[500,500,0],"ix":2},"a":{"a":0,"k":[500,500,0],"ix":1},"s":{"a":0,"k":[100,100,100],"ix":6}},"ao":0,"sw":1000,"sh":1000,"sc":"#000000","ip":0,"op":210,"st":0,"bm":0}],"markers":[],"chars":[{"ch":"f","size":41,"style":"Regular","w":54.98,"data":{"shapes":[{"ty":"gr","it":[{"ind":0,"ty":"sh","ix":1,"ks":{"a":0,"k":{"i":[[0,0],[3.385,0],[0,-13.053],[0,0],[0,0],[0,0],[0,0],[0,0],[0,0],[0,0],[0,0],[0,0],[0,0],[0,0],[-7.65,0],[-4.46,-0.944]],"o":[[-4.102,-0.781],[-13.607,0],[0,0],[0,0],[0,0],[0,0],[0,0],[0,0],[0,0],[0,0],[0,0],[0,0],[0,0],[0,-8.008],[3.223,0],[0,0]],"v":[[51.318,-68.408],[40.088,-69.58],[19.678,-50],[19.678,-41.895],[3.906,-41.895],[3.906,-34.814],[19.678,-34.814],[19.678,0],[28.32,0],[28.32,-34.814],[49.805,-34.814],[49.805,-41.895],[28.32,-41.895],[28.32,-50.488],[39.795,-62.5],[51.318,-61.084]],"c":true},"ix":2},"nm":"f","mn":"ADBE Vector Shape - Group","hd":false}],"nm":"f","np":3,"cix":2,"bm":0,"ix":1,"mn":"ADBE Vector Group","hd":false}]},"fFamily":"Consolas"},{"ch":"o","size":41,"style":"Regular","w":54.98,"data":{"shapes":[{"ty":"gr","it":[{"ind":0,"ty":"sh","ix":1,"ks":{"a":0,"k":{"i":[[1.025,3.125],[1.936,2.1],[2.783,1.091],[3.516,0],[2.897,-1.253],[2.018,-2.262],[1.074,-3.141],[0,-3.809],[-1.025,-3.125],[-1.937,-2.116],[-2.783,-1.09],[-3.516,0],[-2.898,1.253],[-2.019,2.263],[-1.074,3.174],[0,3.809]],"o":[[-1.025,-3.125],[-1.937,-2.1],[-2.783,-1.09],[-3.679,0],[-2.898,1.254],[-2.019,2.263],[-1.074,3.142],[0,4.07],[1.025,3.125],[1.936,2.116],[2.783,1.09],[3.678,0],[2.897,-1.253],[2.018,-2.262],[1.074,-3.174],[0,-4.036]],"v":[[48.95,-35.645],[44.507,-43.481],[37.427,-48.267],[27.979,-49.902],[18.115,-48.022],[10.742,-42.749],[6.104,-34.644],[4.492,-24.219],[6.03,-13.428],[10.474,-5.566],[17.554,-0.757],[27.002,0.879],[36.865,-1.001],[44.238,-6.274],[48.877,-14.429],[50.488,-24.902]],"c":true},"ix":2},"nm":"o","mn":"ADBE Vector Shape - Group","hd":false},{"ind":1,"ty":"sh","ix":2,"ks":{"a":0,"k":{"i":[[0.537,-2.197],[1.155,-1.66],[1.807,-0.993],[2.539,0],[1.758,0.765],[1.237,1.514],[0.667,2.279],[0,3.027],[-0.537,2.197],[-1.156,1.66],[-1.807,0.993],[-2.539,0],[-1.775,-0.764],[-1.237,-1.514],[-0.668,-2.262],[0,-3.027]],"o":[[-0.537,2.197],[-1.156,1.66],[-1.807,0.993],[-2.214,0],[-1.758,-0.764],[-1.237,-1.514],[-0.668,-2.278],[0,-2.409],[0.537,-2.197],[1.155,-1.66],[1.807,-0.993],[2.18,0],[1.774,0.765],[1.237,1.514],[0.667,2.263],[0,2.441]],"v":[[40.991,-17.554],[38.452,-11.768],[34.009,-7.788],[27.49,-6.299],[21.533,-7.446],[17.041,-10.864],[14.185,-16.553],[13.184,-24.512],[13.989,-31.421],[16.528,-37.207],[20.972,-41.187],[27.49,-42.676],[33.423,-41.528],[37.939,-38.11],[40.796,-32.446],[41.797,-24.512]],"c":true},"ix":2},"nm":"o","mn":"ADBE Vector Shape - Group","hd":false}],"nm":"o","np":5,"cix":2,"bm":0,"ix":1,"mn":"ADBE Vector Group","hd":false}]},"fFamily":"Consolas"},{"ch":"r","size":41,"style":"Regular","w":54.98,"data":{"shapes":[{"ty":"gr","it":[{"ind":0,"ty":"sh","ix":1,"ks":{"a":0,"k":{"i":[[0,0],[0,0],[0,0],[-1.367,1.4],[-1.221,0.896],[-1.156,0.407],[-1.14,0],[-1.351,-1.936],[0.098,-4.297],[0,0],[2.62,3.288],[5.078,0],[2.815,-1.562],[2.897,-3.483],[0,0],[0,0]],"o":[[0,0],[0,0],[1.562,-1.985],[1.367,-1.399],[1.221,-0.895],[1.155,-0.407],[2.604,0],[1.35,1.937],[0,0],[0.195,-6.477],[-2.621,-3.288],[-2.865,0],[-2.816,1.562],[0,0],[0,0],[0,0]],"v":[[9.814,0],[18.408,0],[18.408,-31.494],[22.803,-36.572],[26.685,-40.015],[30.249,-41.968],[33.691,-42.578],[39.624,-39.673],[41.504,-30.322],[50.098,-30.322],[46.46,-44.971],[34.912,-49.902],[26.392,-47.559],[17.822,-39.99],[17.578,-49.023],[9.814,-49.023]],"c":true},"ix":2},"nm":"r","mn":"ADBE Vector Shape - Group","hd":false}],"nm":"r","np":3,"cix":2,"bm":0,"ix":1,"mn":"ADBE Vector Group","hd":false}]},"fFamily":"Consolas"},{"ch":" ","size":41,"style":"Regular","w":54.98,"data":{},"fFamily":"Consolas"},{"ch":"i","size":41,"style":"Regular","w":54.98,"data":{"shapes":[{"ty":"gr","it":[{"ind":0,"ty":"sh","ix":1,"ks":{"a":0,"k":{"i":[[0,0],[0,0],[0,0],[0,0],[0,0],[0,0],[0,0],[0,0],[0,0],[0,0]],"o":[[0,0],[0,0],[0,0],[0,0],[0,0],[0,0],[0,0],[0,0],[0,0],[0,0]],"v":[[24.512,-7.08],[8.398,-7.08],[8.398,0],[47.705,0],[47.705,-7.08],[33.105,-7.08],[33.105,-49.023],[10.01,-49.023],[10.01,-41.992],[24.512,-41.992]],"c":true},"ix":2},"nm":"i","mn":"ADBE Vector Shape - Group","hd":false},{"ind":1,"ty":"sh","ix":2,"ks":{"a":0,"k":{"i":[[0.813,-0.342],[0.602,-0.618],[0.342,-0.797],[0,-0.944],[-0.342,-0.813],[-0.603,-0.618],[-0.814,-0.342],[-0.945,0],[-0.814,0.342],[-0.603,0.619],[-0.342,0.814],[0,0.912],[0.342,0.798],[0.602,0.619],[0.813,0.342],[0.944,0]],"o":[[-0.814,0.342],[-0.603,0.619],[-0.342,0.798],[0,0.912],[0.342,0.814],[0.602,0.619],[0.813,0.342],[0.944,0],[0.813,-0.342],[0.602,-0.618],[0.342,-0.813],[0,-0.944],[-0.342,-0.797],[-0.603,-0.618],[-0.814,-0.342],[-0.945,0]],"v":[[24.854,-69.067],[22.729,-67.627],[21.313,-65.503],[20.801,-62.891],[21.313,-60.303],[22.729,-58.154],[24.854,-56.714],[27.49,-56.201],[30.127,-56.714],[32.251,-58.154],[33.667,-60.303],[34.18,-62.891],[33.667,-65.503],[32.251,-67.627],[30.127,-69.067],[27.49,-69.58]],"c":true},"ix":2},"nm":"i","mn":"ADBE Vector Shape - Group","hd":false}],"nm":"i","np":5,"cix":2,"bm":0,"ix":1,"mn":"ADBE Vector Group","hd":false}]},"fFamily":"Consolas"},{"ch":":","size":41,"style":"Regular","w":54.98,"data":{"shapes":[{"ty":"gr","it":[{"ind":0,"ty":"sh","ix":1,"ks":{"a":0,"k":{"i":[[0.895,-0.407],[0.684,-0.684],[0.391,-0.911],[0,-1.009],[-0.391,-0.895],[-0.684,-0.684],[-0.896,-0.391],[-1.042,0],[-0.912,0.391],[-0.684,0.684],[-0.407,0.896],[0,1.042],[0.407,0.912],[0.684,0.684],[0.911,0.407],[1.009,0]],"o":[[-0.896,0.407],[-0.684,0.684],[-0.391,0.912],[0,1.042],[0.391,0.896],[0.684,0.684],[0.895,0.391],[1.009,0],[0.911,-0.391],[0.684,-0.684],[0.407,-0.895],[0,-1.009],[-0.407,-0.911],[-0.684,-0.684],[-0.912,-0.407],[-1.042,0]],"v":[[24.585,-49.292],[22.217,-47.656],[20.605,-45.264],[20.02,-42.383],[20.605,-39.478],[22.217,-37.109],[24.585,-35.498],[27.49,-34.912],[30.371,-35.498],[32.764,-37.109],[34.399,-39.478],[35.01,-42.383],[34.399,-45.264],[32.764,-47.656],[30.371,-49.292],[27.49,-49.902]],"c":true},"ix":2},"nm":":","mn":"ADBE Vector Shape - Group","hd":false},{"ind":1,"ty":"sh","ix":2,"ks":{"a":0,"k":{"i":[[0.895,-0.407],[0.684,-0.684],[0.391,-0.911],[0,-1.009],[-0.391,-0.895],[-0.684,-0.684],[-0.896,-0.391],[-1.042,0],[-0.912,0.391],[-0.684,0.684],[-0.407,0.896],[0,1.042],[0.407,0.912],[0.684,0.684],[0.911,0.407],[1.009,0]],"o":[[-0.896,0.407],[-0.684,0.684],[-0.391,0.912],[0,1.042],[0.391,0.896],[0.684,0.684],[0.895,0.391],[1.009,0],[0.911,-0.391],[0.684,-0.684],[0.407,-0.895],[0,-1.009],[-0.407,-0.911],[-0.684,-0.684],[-0.912,-0.407],[-1.042,0]],"v":[[24.585,-13.501],[22.217,-11.865],[20.605,-9.473],[20.02,-6.592],[20.605,-3.687],[22.217,-1.318],[24.585,0.293],[27.49,0.879],[30.371,0.293],[32.764,-1.318],[34.399,-3.687],[35.01,-6.592],[34.399,-9.473],[32.764,-11.865],[30.371,-13.501],[27.49,-14.111]],"c":true},"ix":2},"nm":":","mn":"ADBE Vector Shape - Group","hd":false}],"nm":":","np":5,"cix":2,"bm":0,"ix":1,"mn":"ADBE Vector Group","hd":false}]},"fFamily":"Consolas"},{"ch":"=","size":41,"style":"Regular","w":54.98,"data":{"shapes":[{"ty":"gr","it":[{"ind":0,"ty":"sh","ix":1,"ks":{"a":0,"k":{"i":[[0,0],[0,0],[0,0],[0,0]],"o":[[0,0],[0,0],[0,0],[0,0]],"v":[[48.486,-38.721],[6.494,-38.721],[6.494,-31.543],[48.486,-31.543]],"c":true},"ix":2},"nm":"=","mn":"ADBE Vector Shape - Group","hd":false},{"ind":1,"ty":"sh","ix":2,"ks":{"a":0,"k":{"i":[[0,0],[0,0],[0,0],[0,0]],"o":[[0,0],[0,0],[0,0],[0,0]],"v":[[48.486,-21.729],[6.494,-21.729],[6.494,-14.551],[48.486,-14.551]],"c":true},"ix":2},"nm":"=","mn":"ADBE Vector Shape - Group","hd":false}],"nm":"=","np":5,"cix":2,"bm":0,"ix":1,"mn":"ADBE Vector Group","hd":false}]},"fFamily":"Consolas"},{"ch":"0","size":41,"style":"Regular","w":54.98,"data":{"shapes":[{"ty":"gr","it":[{"ind":0,"ty":"sh","ix":1,"ks":{"a":0,"k":{"i":[[1.074,4.134],[1.985,2.686],[2.799,1.286],[3.418,0],[2.962,-1.579],[1.969,-2.881],[0.993,-4.036],[0,-4.883],[-1.074,-4.134],[-1.986,-2.669],[-2.8,-1.286],[-3.418,0],[-2.946,1.579],[-1.986,2.881],[-0.977,4.021],[0,4.883]],"o":[[-1.074,-4.134],[-1.986,-2.686],[-2.8,-1.286],[-3.939,0],[-2.962,1.579],[-1.97,2.881],[-0.993,4.037],[0,5.664],[1.074,4.134],[1.985,2.67],[2.799,1.286],[3.971,0],[2.946,-1.579],[1.985,-2.881],[0.977,-4.02],[0,-5.664]],"v":[[49.072,-46.582],[44.482,-56.812],[37.305,-62.769],[27.979,-64.697],[17.627,-62.329],[10.229,-55.64],[5.786,-45.264],[4.297,-31.885],[5.908,-17.188],[10.498,-6.982],[17.676,-1.05],[27.002,0.879],[37.378,-1.489],[44.775,-8.179],[49.219,-18.53],[50.684,-31.885]],"c":true},"ix":2},"nm":"0","mn":"ADBE Vector Shape - Group","hd":false},{"ind":1,"ty":"sh","ix":2,"ks":{"a":0,"k":{"i":[[0.684,-3.141],[1.27,-2.116],[1.807,-1.074],[2.213,0],[1.35,0.57],[1.057,1.025],[0.748,1.433],[0.488,1.693],[0,0],[-0.082,-1.09],[0,-1.106]],"o":[[-0.684,3.142],[-1.27,2.116],[-1.807,1.074],[-1.726,0],[-1.351,-0.569],[-1.058,-1.025],[-0.749,-1.432],[0,0],[0.098,1.042],[0.081,1.091],[0,4.134]],"v":[[41.064,-20.679],[38.135,-12.793],[33.521,-8.008],[27.49,-6.396],[22.876,-7.251],[19.263,-9.644],[16.553,-13.33],[14.697,-18.018],[41.699,-38.086],[41.968,-34.888],[42.09,-31.592]],"c":true},"ix":2},"nm":"0","mn":"ADBE Vector Shape - Group","hd":false},{"ind":2,"ty":"sh","ix":3,"ks":{"a":0,"k":{"i":[[-0.684,3.142],[-1.27,2.132],[-1.807,1.074],[-2.214,0],[-1.335,-0.553],[-1.042,-0.993],[-0.749,-1.367],[-0.488,-1.66],[0,0],[0.016,1.009],[0,1.009]],"o":[[0.684,-3.141],[1.27,-2.132],[1.807,-1.074],[1.66,0],[1.334,0.554],[1.041,0.993],[0.748,1.367],[0,0],[-0.098,-0.944],[-0.017,-1.009],[0,-4.134]],"v":[[13.916,-43.091],[16.846,-51.001],[21.46,-55.811],[27.49,-57.422],[31.982,-56.592],[35.547,-54.272],[38.232,-50.732],[40.088,-46.191],[13.086,-26.221],[12.915,-29.15],[12.891,-32.178]],"c":true},"ix":2},"nm":"0","mn":"ADBE Vector Shape - Group","hd":false}],"nm":"0","np":6,"cix":2,"bm":0,"ix":1,"mn":"ADBE Vector Group","hd":false}]},"fFamily":"Consolas"},{"ch":"t","size":41,"style":"Regular","w":54.98,"data":{"shapes":[{"ty":"gr","it":[{"ind":0,"ty":"sh","ix":1,"ks":{"a":0,"k":{"i":[[0,0],[1.855,-0.244],[1.562,0],[1.871,1.742],[0,3.516],[0,0],[0,0],[0,0],[0,0],[0,0],[0,0],[0,0],[0,0],[0,0],[0,0],[0,0],[-3.027,-2.783],[-6.152,0],[-2.051,0.211],[-1.921,0.488]],"o":[[-2.019,0.521],[-1.855,0.244],[-3.646,0],[-1.872,-1.741],[0,0],[0,0],[0,0],[0,0],[0,0],[0,0],[0,0],[0,0],[0,0],[0,0],[0,0],[0,5.762],[3.027,2.783],[2.116,0],[2.051,-0.212],[0,0]],"v":[[47.314,-8.008],[41.504,-6.86],[36.377,-6.494],[28.101,-9.106],[25.293,-16.992],[25.293,-41.895],[47.314,-41.895],[47.314,-49.023],[25.293,-49.023],[25.293,-64.697],[16.797,-62.5],[16.797,-49.023],[3.076,-49.023],[3.076,-41.895],[16.797,-41.895],[16.797,-16.309],[21.338,-3.491],[35.107,0.684],[41.357,0.366],[47.314,-0.684]],"c":true},"ix":2},"nm":"t","mn":"ADBE Vector Shape - Group","hd":false}],"nm":"t","np":3,"cix":2,"bm":0,"ix":1,"mn":"ADBE Vector Group","hd":false}]},"fFamily":"Consolas"},{"ch":"1","size":41,"style":"Regular","w":54.98,"data":{"shapes":[{"ty":"gr","it":[{"ind":0,"ty":"sh","ix":1,"ks":{"a":0,"k":{"i":[[0,0],[0,0],[0,0],[0,0],[0,0],[0,0],[0,0],[0,0],[0,0],[0,0],[0,0]],"o":[[0,0],[0,0],[0,0],[0,0],[0,0],[0,0],[0,0],[0,0],[0,0],[0,0],[0,0]],"v":[[48.682,-7.91],[34.424,-7.91],[34.424,-64.111],[26.904,-64.111],[6.592,-53.418],[9.717,-46.191],[25,-54.492],[25,-7.91],[8.594,-7.91],[8.594,0],[48.682,0]],"c":true},"ix":2},"nm":"1","mn":"ADBE Vector Shape - Group","hd":false}],"nm":"1","np":3,"cix":2,"bm":0,"ix":1,"mn":"ADBE Vector Group","hd":false}]},"fFamily":"Consolas"},{"ch":"4","size":41,"style":"Regular","w":54.98,"data":{"shapes":[{"ty":"gr","it":[{"ind":0,"ty":"sh","ix":1,"ks":{"a":0,"k":{"i":[[0,0],[0,0],[0,0],[0,0],[0,0],[0,0],[0,0],[0,0],[0,0],[0,0],[0,0]],"o":[[0,0],[0,0],[0,0],[0,0],[0,0],[0,0],[0,0],[0,0],[0,0],[0,0],[0,0]],"v":[[52.393,-21.582],[41.504,-21.582],[41.504,-63.818],[29.297,-63.818],[2.1,-21.582],[2.1,-14.111],[32.812,-14.111],[32.812,0],[41.504,0],[41.504,-14.111],[52.393,-14.111]],"c":true},"ix":2},"nm":"4","mn":"ADBE Vector Shape - Group","hd":false},{"ind":1,"ty":"sh","ix":2,"ks":{"a":0,"k":{"i":[[0,0],[0,0],[0,0]],"o":[[0,0],[0,0],[0,0]],"v":[[32.812,-21.582],[10.596,-21.582],[32.812,-55.615]],"c":true},"ix":2},"nm":"4","mn":"ADBE Vector Shape - Group","hd":false}],"nm":"4","np":5,"cix":2,"bm":0,"ix":1,"mn":"ADBE Vector Group","hd":false}]},"fFamily":"Consolas"},{"ch":"d","size":41,"style":"Regular","w":54.98,"data":{"shapes":[{"ty":"gr","it":[{"ind":0,"ty":"sh","ix":1,"ks":{"a":0,"k":{"i":[[-0.716,-2.995],[-1.416,-2.132],[-2.132,-1.172],[-2.8,0],[-2.767,1.66],[-2.377,3.451],[0,0],[0,0],[0,0],[0,0],[0,0],[1.514,0.195],[1.562,0],[2.946,-1.155],[2.1,-2.229],[1.139,-3.239],[0,-4.166]],"o":[[0.716,2.995],[1.416,2.132],[2.132,1.172],[3.223,0],[2.766,-1.66],[0,0],[0,0],[0,0],[0,0],[0,0],[-1.465,-0.423],[-1.514,-0.195],[-3.613,0],[-2.946,1.156],[-2.1,2.23],[-1.14,3.239],[0,3.646]],"v":[[6.396,-13.525],[9.595,-5.835],[14.917,-0.879],[22.314,0.879],[31.299,-1.611],[39.014,-9.277],[39.307,0],[46.924,0],[46.924,-68.994],[38.379,-68.994],[38.379,-48.389],[33.911,-49.316],[29.297,-49.609],[19.458,-47.876],[11.89,-42.798],[7.031,-34.595],[5.322,-23.486]],"c":true},"ix":2},"nm":"d","mn":"ADBE Vector Shape - Group","hd":false},{"ind":1,"ty":"sh","ix":2,"ks":{"a":0,"k":{"i":[[-2.588,2.995],[-4.623,0],[-1.693,-0.342],[-1.4,-0.651],[0,0],[2.393,-1.92],[2.148,0],[1.741,2.914],[0,5.925]],"o":[[2.588,-2.995],[1.66,0],[1.692,0.342],[0,0],[-2.637,3.777],[-2.393,1.921],[-3.191,0],[-1.742,-2.913],[0,-6.38]],"v":[[17.896,-38.086],[28.711,-42.578],[33.74,-42.065],[38.379,-40.576],[38.379,-17.822],[30.835,-9.277],[24.023,-6.396],[16.626,-10.767],[14.014,-24.023]],"c":true},"ix":2},"nm":"d","mn":"ADBE Vector Shape - Group","hd":false}],"nm":"d","np":5,"cix":2,"bm":0,"ix":1,"mn":"ADBE Vector Group","hd":false}]},"fFamily":"Consolas"},{"ch":"\r","size":41,"style":"Regular","w":0,"fFamily":"Consolas"},{"ch":"B","size":41,"style":"Regular","w":54.98,"data":{"shapes":[{"ty":"gr","it":[{"ind":0,"ty":"sh","ix":1,"ks":{"a":0,"k":{"i":[[0.684,1.693],[1.172,1.237],[1.546,0.781],[1.725,0.326],[-1.644,2.474],[0,3.451],[14.225,0],[0,0],[0,0],[0,0],[-3.109,0.847],[-2.197,1.628],[-1.189,2.361],[0,3.06]],"o":[[-0.684,-1.692],[-1.172,-1.237],[-1.546,-0.781],[3.711,-1.204],[1.643,-2.473],[0,-10.352],[0,0],[0,0],[0,0],[3.809,0],[3.108,-0.846],[2.197,-1.627],[1.188,-2.36],[0,-2.116]],"v":[[48.584,-24.805],[45.801,-29.199],[41.724,-32.227],[36.816,-33.887],[44.849,-39.404],[47.314,-48.291],[25.977,-63.818],[7.715,-63.818],[7.715,0],[24.414,0],[34.79,-1.27],[42.749,-4.98],[47.827,-10.962],[49.609,-19.092]],"c":true},"ix":2},"nm":"B","mn":"ADBE Vector Shape - Group","hd":false},{"ind":1,"ty":"sh","ix":2,"ks":{"a":0,"k":{"i":[[0.635,-1.318],[1.155,-0.879],[1.611,-0.423],[1.985,0],[0,0],[0,0],[0,0],[-1.66,-0.488],[-0.977,-0.83],[-0.391,-1.155],[0,-1.302]],"o":[[-0.635,1.318],[-1.156,0.879],[-1.611,0.423],[0,0],[0,0],[0,0],[2.539,0],[1.66,0.488],[0.977,0.83],[0.391,1.156],[0,1.823]],"v":[[37.329,-42.407],[34.644,-39.111],[30.493,-37.158],[25.098,-36.523],[16.406,-36.523],[16.406,-56.494],[25.391,-56.494],[31.689,-55.762],[35.645,-53.784],[37.695,-50.806],[38.281,-47.119]],"c":true},"ix":2},"nm":"B","mn":"ADBE Vector Shape - Group","hd":false},{"ind":2,"ty":"sh","ix":3,"ks":{"a":0,"k":{"i":[[2.441,-1.855],[4.98,0],[0,0],[0,0],[0,0],[-1.872,-0.488],[-1.302,-0.895],[-0.684,-1.302],[0,-1.627]],"o":[[-2.441,1.855],[0,0],[0,0],[0,0],[2.344,0],[1.871,0.488],[1.302,0.896],[0.684,1.302],[0,3.939]],"v":[[36.719,-10.107],[25.586,-7.324],[16.406,-7.324],[16.406,-29.297],[25.293,-29.297],[31.616,-28.564],[36.377,-26.489],[39.355,-23.193],[40.381,-18.799]],"c":true},"ix":2},"nm":"B","mn":"ADBE Vector Shape - Group","hd":false}],"nm":"B","np":6,"cix":2,"bm":0,"ix":1,"mn":"ADBE Vector Group","hd":false}]},"fFamily":"Consolas"},{"ch":"e","size":41,"style":"Regular","w":54.98,"data":{"shapes":[{"ty":"gr","it":[{"ind":0,"ty":"sh","ix":1,"ks":{"a":0,"k":{"i":[[0.928,2.816],[1.807,1.97],[2.637,1.074],[3.418,0],[2.766,-1.367],[1.904,-2.327],[0.993,-3.076],[0,-3.45],[-0.928,-3.141],[-1.937,-2.164],[-3.027,-1.139],[-4.199,0],[-2.914,0.407],[-2.312,0.652],[0,0],[1.221,-0.244],[1.334,-0.195],[1.432,-0.114],[1.432,0],[2.799,2.686],[0,5.013],[0,0],[-0.033,0.814],[0,1.205]],"o":[[-0.928,-2.815],[-1.807,-1.969],[-2.637,-1.074],[-3.516,0],[-2.767,1.367],[-1.904,2.328],[-0.993,3.076],[0,3.972],[0.928,3.142],[1.936,2.165],[3.027,1.139],[3.125,0],[2.913,-0.407],[0,0],[-1.042,0.293],[-1.221,0.244],[-1.335,0.195],[-1.433,0.114],[-5.273,0],[-2.8,-2.686],[0,0],[0.065,-0.716],[0.032,-0.813],[0,-3.483]],"v":[[47.827,-36.548],[43.726,-43.726],[37.061,-48.291],[27.979,-49.902],[18.555,-47.852],[11.548,-42.31],[7.202,-34.204],[5.713,-24.414],[7.104,-13.745],[11.401,-5.786],[18.848,-0.83],[29.688,0.879],[38.745,0.269],[46.582,-1.318],[46.582,-8.301],[43.188,-7.495],[39.355,-6.836],[35.205,-6.372],[30.908,-6.201],[18.799,-10.229],[14.6,-21.777],[49.023,-21.777],[49.17,-24.072],[49.219,-27.1]],"c":true},"ix":2},"nm":"e","mn":"ADBE Vector Shape - Group","hd":false},{"ind":1,"ty":"sh","ix":2,"ks":{"a":0,"k":{"i":[[0,0],[-0.684,1.823],[-1.107,1.302],[-1.53,0.716],[-1.855,0],[-1.628,-0.732],[-1.091,-1.302],[-0.521,-1.807],[0.098,-2.18]],"o":[[0.163,-2.18],[0.684,-1.823],[1.106,-1.302],[1.53,-0.716],[2.148,0],[1.627,0.732],[1.09,1.302],[0.52,1.807],[0,0]],"v":[[14.6,-28.32],[15.869,-34.326],[18.555,-39.014],[22.51,-42.041],[27.588,-43.115],[33.252,-42.017],[37.329,-38.965],[39.746,-34.302],[40.381,-28.32]],"c":true},"ix":2},"nm":"e","mn":"ADBE Vector Shape - Group","hd":false}],"nm":"e","np":5,"cix":2,"bm":0,"ix":1,"mn":"ADBE Vector Group","hd":false}]},"fFamily":"Consolas"},{"ch":"g","size":41,"style":"Regular","w":54.98,"data":{"shapes":[{"ty":"gr","it":[{"ind":0,"ty":"sh","ix":1,"ks":{"a":0,"k":{"i":[[0,0],[0,0],[0,0],[1.106,0.163],[1.204,0],[2.36,-0.83],[1.676,-1.497],[0.928,-2.1],[0,-2.539],[-0.179,-0.96],[-0.342,-0.83],[-0.472,-0.716],[-0.619,-0.748],[0.993,-1.758],[0,-2.116],[-0.195,-0.781],[-0.391,-0.7],[-0.619,-0.586],[-0.847,-0.391],[1.106,-1.79],[0,-2.377],[-0.814,-1.546],[-1.791,-1.123],[-2.783,-0.635],[-3.972,0],[-3.027,0.879],[-1.97,1.481],[-0.945,1.953],[0,2.18],[0.83,1.53],[1.481,1.042],[2.067,0.554],[2.441,0.066],[0,0],[1.188,0.814],[0,1.237],[-0.423,0.814],[-0.619,0.912],[-1.791,-0.439],[-2.051,0],[-2.361,0.83],[-1.693,1.498],[-0.928,2.1],[0,2.539],[0.504,1.514],[0.911,1.14]],"o":[[0,0],[0,0],[-0.847,-0.26],[-1.107,-0.163],[-2.865,0],[-2.361,0.83],[-1.677,1.498],[-0.928,2.1],[0,1.237],[0.179,0.961],[0.342,0.83],[0.471,0.716],[-1.367,1.562],[-0.993,1.758],[0,0.749],[0.195,0.781],[0.391,0.7],[0.618,0.586],[-2.312,1.66],[-1.107,1.79],[0,1.855],[0.813,1.546],[1.79,1.123],[2.783,0.635],[4.166,0],[3.027,-0.879],[1.969,-1.482],[0.944,-1.953],[0,-2.019],[-0.83,-1.53],[-1.482,-1.041],[-2.068,-0.553],[0,0],[-1.953,-0.065],[-1.189,-0.813],[0,-1.009],[0.423,-0.813],[1.041,0.652],[1.79,0.439],[2.832,0],[2.36,-0.83],[1.692,-1.497],[0.928,-2.1],[0,-1.758],[-0.505,-1.514],[0,0]],"v":[[50.977,-42.09],[50.977,-49.023],[33.203,-49.023],[30.273,-49.658],[26.807,-49.902],[18.97,-48.657],[12.915,-45.166],[9.009,-39.771],[7.617,-32.812],[7.886,-29.517],[8.667,-26.831],[9.888,-24.512],[11.523,-22.314],[7.983,-17.334],[6.494,-11.523],[6.787,-9.229],[7.666,-7.007],[9.18,-5.078],[11.377,-3.613],[6.25,1.562],[4.59,7.812],[5.811,12.915],[9.717,16.919],[16.577,19.556],[26.709,20.508],[37.5,19.189],[44.995,15.649],[49.365,10.498],[50.781,4.297],[49.536,-1.025],[46.069,-4.883],[40.747,-7.275],[33.984,-8.203],[21.094,-8.691],[16.382,-10.01],[14.6,-13.086],[15.234,-15.82],[16.797,-18.408],[21.045,-16.772],[26.807,-16.113],[34.595,-17.358],[40.674,-20.85],[44.604,-26.245],[45.996,-33.203],[45.239,-38.11],[43.115,-42.09]],"c":true},"ix":2},"nm":"g","mn":"ADBE Vector Shape - Group","hd":false},{"ind":1,"ty":"sh","ix":2,"ks":{"a":0,"k":{"i":[[-0.163,0.7],[-0.391,0.7],[-0.7,0.684],[-1.074,0.716],[0,0],[-1.628,-0.944],[0,-1.986],[0.488,-1.025],[1.123,-0.798],[1.839,-0.488],[2.702,0],[2.409,1.057],[0,2.311]],"o":[[0.163,-0.7],[0.391,-0.7],[0.7,-0.684],[0,0],[3.352,0.163],[1.627,0.944],[0,1.074],[-0.488,1.025],[-1.123,0.797],[-1.839,0.488],[-4.297,0],[-2.409,-1.058],[0,-0.716]],"v":[[13.867,4.956],[14.697,2.856],[16.333,0.781],[18.994,-1.318],[31.787,-0.879],[39.258,0.781],[41.699,5.176],[40.967,8.325],[38.55,11.06],[34.106,12.988],[27.295,13.721],[17.236,12.134],[13.623,7.08]],"c":true},"ix":2},"nm":"g","mn":"ADBE Vector Shape - Group","hd":false},{"ind":2,"ty":"sh","ix":3,"ks":{"a":0,"k":{"i":[[-0.472,1.27],[-0.896,0.961],[-1.318,0.586],[-1.693,0],[-1.286,-0.504],[-0.945,-0.911],[-0.521,-1.302],[0,-1.562],[0.471,-1.27],[0.895,-0.977],[1.318,-0.569],[1.692,0],[1.286,0.505],[0.944,0.912],[0.52,1.302],[0,1.562]],"o":[[0.471,-1.27],[0.895,-0.96],[1.318,-0.586],[1.562,0],[1.286,0.505],[0.944,0.912],[0.52,1.302],[0,1.367],[-0.472,1.27],[-0.896,0.977],[-1.318,0.57],[-1.562,0],[-1.286,-0.504],[-0.945,-0.911],[-0.521,-1.302],[0,-1.367]],"v":[[16.919,-36.963],[18.97,-40.308],[22.29,-42.627],[26.807,-43.506],[31.079,-42.749],[34.424,-40.625],[36.621,-37.305],[37.402,-33.008],[36.694,-29.053],[34.644,-25.684],[31.323,-23.364],[26.807,-22.51],[22.534,-23.267],[19.189,-25.391],[16.992,-28.711],[16.211,-33.008]],"c":true},"ix":2},"nm":"g","mn":"ADBE Vector Shape - Group","hd":false}],"nm":"g","np":6,"cix":2,"bm":0,"ix":1,"mn":"ADBE Vector Group","hd":false}]},"fFamily":"Consolas"},{"ch":"n","size":41,"style":"Regular","w":54.98,"data":{"shapes":[{"ty":"gr","it":[{"ind":0,"ty":"sh","ix":1,"ks":{"a":0,"k":{"i":[[0,0],[0,0],[0,0],[-1.254,1.302],[-1.074,0.765],[-0.993,0.31],[-1.042,0],[-1.433,-1.839],[0,-3.841],[0,0],[0,0],[0,0],[2.588,2.979],[5.045,0],[1.334,-0.276],[1.286,-0.684],[1.334,-1.123],[1.432,-1.692],[0,0],[0,0]],"o":[[0,0],[0,0],[1.562,-1.953],[1.253,-1.302],[1.074,-0.764],[0.993,-0.309],[2.832,0],[1.432,1.839],[0,0],[0,0],[0,0],[0,-5.989],[-2.588,-2.979],[-1.433,0],[-1.335,0.277],[-1.286,0.684],[-1.335,1.123],[0,0],[0,0],[0,0]],"v":[[7.812,0],[16.309,0],[16.309,-32.52],[20.532,-37.402],[24.023,-40.503],[27.124,-42.114],[30.176,-42.578],[36.572,-39.819],[38.721,-31.299],[38.721,0],[47.217,0],[47.217,-31.982],[43.335,-45.435],[31.885,-49.902],[27.734,-49.487],[23.804,-48.047],[19.873,-45.337],[15.723,-41.113],[15.381,-49.023],[7.812,-49.023]],"c":true},"ix":2},"nm":"n","mn":"ADBE Vector Shape - Group","hd":false}],"nm":"n","np":3,"cix":2,"bm":0,"ix":1,"mn":"ADBE Vector Group","hd":false}]},"fFamily":"Consolas"},{"ch":"c","size":41,"style":"Regular","w":54.98,"data":{"shapes":[{"ty":"gr","it":[{"ind":0,"ty":"sh","ix":1,"ks":{"a":0,"k":{"i":[[0,0],[2.164,-0.52],[2.311,0],[2.881,2.946],[0,5.925],[-0.847,2.246],[-1.465,1.562],[-1.937,0.83],[-2.181,0],[-2.197,-0.504],[-2.116,-1.106],[0,0],[2.213,0.359],[2.539,0],[3.027,-1.221],[2.18,-2.246],[1.204,-3.157],[0,-3.873],[-4.183,-4.199],[-7.748,0],[-2.328,0.407],[-2.214,0.847]],"o":[[-2.019,1.042],[-2.165,0.521],[-5.111,0],[-2.881,-2.946],[0,-2.832],[0.846,-2.246],[1.465,-1.562],[1.936,-0.83],[2.344,0],[2.197,0.505],[0,0],[-2.019,-0.813],[-2.214,-0.358],[-3.646,0],[-3.027,1.221],[-2.181,2.246],[-1.205,3.158],[0,8.073],[4.182,4.199],[2.473,0],[2.327,-0.407],[0,0]],"v":[[45.898,-9.717],[39.624,-7.373],[32.91,-6.592],[20.923,-11.011],[16.602,-24.316],[17.871,-31.934],[21.338,-37.646],[26.44,-41.235],[32.617,-42.48],[39.429,-41.724],[45.898,-39.307],[45.898,-47.412],[39.551,-49.17],[32.422,-49.707],[22.412,-47.876],[14.6,-42.676],[9.521,-34.57],[7.715,-24.023],[13.989,-5.615],[31.885,0.684],[39.087,0.073],[45.898,-1.807]],"c":true},"ix":2},"nm":"c","mn":"ADBE Vector Shape - Group","hd":false}],"nm":"c","np":3,"cix":2,"bm":0,"ix":1,"mn":"ADBE Vector Group","hd":false}]},"fFamily":"Consolas"},{"ch":"(","size":41,"style":"Regular","w":54.98,"data":{"shapes":[{"ty":"gr","it":[{"ind":0,"ty":"sh","ix":1,"ks":{"a":0,"k":{"i":[[0,0],[3.19,6.966],[0,7.552],[-12.63,12.468],[0,0],[2.913,-3.938],[1.774,-3.938],[0.797,-3.922],[0,-3.938],[-15.007,-13.9]],"o":[[-6.25,-6.185],[-3.191,-6.966],[0,-15.169],[0,0],[-4.167,3.874],[-2.914,3.939],[-1.775,3.939],[-0.798,3.923],[0,16.83],[0,0]],"v":[[42.285,15.283],[28.125,-4.443],[23.34,-26.221],[42.285,-67.676],[37.354,-72.705],[26.733,-60.986],[19.702,-49.17],[15.845,-37.378],[14.648,-25.586],[37.158,20.508]],"c":true},"ix":2},"nm":"(","mn":"ADBE Vector Shape - Group","hd":false}],"nm":"(","np":3,"cix":2,"bm":0,"ix":1,"mn":"ADBE Vector Group","hd":false}]},"fFamily":"Consolas"},{"ch":")","size":41,"style":"Regular","w":54.98,"data":{"shapes":[{"ty":"gr","it":[{"ind":0,"ty":"sh","ix":1,"ks":{"a":0,"k":{"i":[[0,0],[0,-15.495],[3.125,-6.836],[6.348,-6.283],[0,0],[-2.914,4.069],[-1.726,3.955],[-0.716,3.777],[0,3.516],[15.006,13.9]],"o":[[12.598,12.37],[0,7.487],[-3.125,6.836],[0,0],[4.427,-4.102],[2.913,-4.07],[1.725,-3.955],[0.716,-3.776],[0,-17.024],[0,0]],"v":[[12.695,-67.48],[31.592,-25.684],[26.904,-4.199],[12.695,15.479],[17.627,20.508],[28.638,8.252],[35.596,-3.784],[39.258,-15.381],[40.332,-26.318],[17.822,-72.705]],"c":true},"ix":2},"nm":")","mn":"ADBE Vector Shape - Group","hd":false}],"nm":")","np":3,"cix":2,"bm":0,"ix":1,"mn":"ADBE Vector Group","hd":false}]},"fFamily":"Consolas"},{"ch":";","size":41,"style":"Regular","w":54.98,"data":{"shapes":[{"ty":"gr","it":[{"ind":0,"ty":"sh","ix":1,"ks":{"a":0,"k":{"i":[[0,0],[-2.946,1.139],[-1.97,1.92],[-0.993,2.49],[0,2.702],[0.471,1.465],[0.797,0.977],[1.057,0.472],[1.139,0],[0.83,-0.391],[0.537,-0.618],[0.26,-0.748],[0,-0.684],[-0.472,-0.813],[-0.586,-0.716],[-0.472,-0.846],[0,-1.367],[0.716,-1.042],[1.188,-0.7],[1.562,-0.359],[1.66,0.065]],"o":[[3.906,0],[2.946,-1.14],[1.969,-1.921],[0.993,-2.49],[0,-1.985],[-0.472,-1.465],[-0.798,-0.977],[-1.058,-0.471],[-1.14,0],[-0.83,0.391],[-0.537,0.619],[-0.261,0.749],[0,1.367],[0.471,0.814],[0.586,0.716],[0.471,0.847],[0,1.334],[-0.716,1.041],[-1.189,0.7],[-1.562,0.358],[0,0]],"v":[[12.207,16.699],[22.485,14.99],[29.858,10.4],[34.302,3.784],[35.791,-4.004],[35.083,-9.18],[33.179,-12.842],[30.396,-15.015],[27.1,-15.723],[24.146,-15.137],[22.095,-13.623],[20.898,-11.572],[20.508,-9.424],[21.216,-6.152],[22.803,-3.857],[24.39,-1.514],[25.098,1.807],[24.023,5.371],[21.167,7.983],[17.041,9.57],[12.207,10.01]],"c":true},"ix":2},"nm":";","mn":"ADBE Vector Shape - Group","hd":false},{"ind":1,"ty":"sh","ix":2,"ks":{"a":0,"k":{"i":[[0.895,-0.407],[0.684,-0.684],[0.391,-0.911],[0,-1.009],[-0.391,-0.895],[-0.684,-0.684],[-0.896,-0.391],[-1.042,0],[-0.912,0.391],[-0.684,0.684],[-0.407,0.896],[0,1.042],[0.407,0.912],[0.684,0.684],[0.911,0.407],[1.009,0]],"o":[[-0.896,0.407],[-0.684,0.684],[-0.391,0.912],[0,1.042],[0.391,0.896],[0.684,0.684],[0.895,0.391],[1.009,0],[0.911,-0.391],[0.684,-0.684],[0.407,-0.895],[0,-1.009],[-0.407,-0.911],[-0.684,-0.684],[-0.912,-0.407],[-1.042,0]],"v":[[24.585,-49.292],[22.217,-47.656],[20.605,-45.264],[20.02,-42.383],[20.605,-39.478],[22.217,-37.109],[24.585,-35.498],[27.49,-34.912],[30.371,-35.498],[32.764,-37.109],[34.399,-39.478],[35.01,-42.383],[34.399,-45.264],[32.764,-47.656],[30.371,-49.292],[27.49,-49.902]],"c":true},"ix":2},"nm":";","mn":"ADBE Vector Shape - Group","hd":false}],"nm":";","np":5,"cix":2,"bm":0,"ix":1,"mn":"ADBE Vector Group","hd":false}]},"fFamily":"Consolas"},{"ch":"W","size":41,"style":"Regular","w":54.98,"data":{"shapes":[{"ty":"gr","it":[{"ind":0,"ty":"sh","ix":1,"ks":{"a":0,"k":{"i":[[0,0],[0,0],[0,0],[0,0],[0,0],[0,0],[0,0],[0,0],[0,0],[0,0],[0,0],[0,0],[0,0],[0,0],[0,0],[0,0],[0,0],[0,0],[0,0]],"o":[[0,0],[0,0],[0,0],[0,0],[0,0],[0,0],[0,0],[0,0],[0,0],[0,0],[0,0],[0,0],[0,0],[0,0],[0,0],[0,0],[0,0],[0,0],[0,0]],"v":[[45.02,-63.818],[42.48,-17.285],[42.285,-8.496],[39.307,-16.895],[30.42,-42.285],[24.414,-42.285],[16.699,-18.604],[13.623,-8.496],[12.891,-20.41],[10.4,-63.818],[2.197,-63.818],[6.592,0],[17.48,0],[24.805,-22.119],[27.1,-29.98],[29.297,-22.705],[37.207,0],[48.486,0],[52.783,-63.818]],"c":true},"ix":2},"nm":"W","mn":"ADBE Vector Shape - Group","hd":false}],"nm":"W","np":3,"cix":2,"bm":0,"ix":1,"mn":"ADBE Vector Group","hd":false}]},"fFamily":"Consolas"},{"ch":"I","size":41,"style":"Regular","w":54.98,"data":{"shapes":[{"ty":"gr","it":[{"ind":0,"ty":"sh","ix":1,"ks":{"a":0,"k":{"i":[[0,0],[0,0],[0,0],[0,0],[0,0],[0,0],[0,0],[0,0],[0,0],[0,0],[0,0],[0,0]],"o":[[0,0],[0,0],[0,0],[0,0],[0,0],[0,0],[0,0],[0,0],[0,0],[0,0],[0,0],[0,0]],"v":[[23.096,-7.422],[8.398,-7.422],[8.398,0],[46.582,0],[46.582,-7.422],[31.885,-7.422],[31.885,-56.494],[46.582,-56.494],[46.582,-63.818],[8.398,-63.818],[8.398,-56.494],[23.096,-56.494]],"c":true},"ix":2},"nm":"I","mn":"ADBE Vector Shape - Group","hd":false}],"nm":"I","np":3,"cix":2,"bm":0,"ix":1,"mn":"ADBE Vector Group","hd":false}]},"fFamily":"Consolas"},{"ch":"T","size":41,"style":"Regular","w":54.98,"data":{"shapes":[{"ty":"gr","it":[{"ind":0,"ty":"sh","ix":1,"ks":{"a":0,"k":{"i":[[0,0],[0,0],[0,0],[0,0],[0,0],[0,0],[0,0],[0,0]],"o":[[0,0],[0,0],[0,0],[0,0],[0,0],[0,0],[0,0],[0,0]],"v":[[50.781,-63.818],[4.199,-63.818],[4.199,-56.396],[23.096,-56.396],[23.096,0],[31.885,0],[31.885,-56.396],[50.781,-56.396]],"c":true},"ix":2},"nm":"T","mn":"ADBE Vector Shape - Group","hd":false}],"nm":"T","np":3,"cix":2,"bm":0,"ix":1,"mn":"ADBE Vector Group","hd":false}]},"fFamily":"Consolas"},{"ch":"S","size":41,"style":"Regular","w":54.98,"data":{"shapes":[{"ty":"gr","it":[{"ind":0,"ty":"sh","ix":1,"ks":{"a":0,"k":{"i":[[0.96,1.855],[1.562,1.384],[2.002,1.009],[2.083,0.847],[2.002,0.798],[1.562,0.977],[0.96,1.237],[0,1.726],[-2.344,1.66],[-4.98,0],[-2.507,-0.374],[-2.507,-0.716],[0,0],[1.253,0.228],[1.286,0.179],[1.253,0.098],[1.074,0],[3.011,-1.009],[1.92,-1.643],[0.911,-2.116],[0,-2.18],[-0.961,-1.823],[-1.562,-1.35],[-2.002,-0.993],[-2.084,-0.846],[-2.002,-0.797],[-1.562,-0.96],[-0.961,-1.221],[0,-1.725],[0.569,-1.237],[1.253,-0.862],[1.969,-0.439],[2.799,0],[3.043,0.521],[2.441,0.912],[0,0],[-1.367,-0.26],[-1.546,-0.195],[-1.677,-0.13],[-1.693,0],[-3.109,0.748],[-2.214,1.514],[-1.237,2.279],[0,3.027]],"o":[[-0.961,-1.855],[-1.562,-1.383],[-2.002,-1.009],[-2.084,-0.846],[-2.002,-0.797],[-1.562,-0.977],[-0.961,-1.237],[0,-2.799],[2.344,-1.66],[2.344,0],[2.506,0.375],[0,0],[-1.074,-0.26],[-1.254,-0.227],[-1.286,-0.179],[-1.254,-0.098],[-4.167,0],[-3.011,1.009],[-1.921,1.644],[-0.912,2.116],[0,2.507],[0.96,1.823],[1.562,1.351],[2.002,0.993],[2.083,0.847],[2.002,0.798],[1.562,0.961],[0.96,1.221],[0,1.595],[-0.57,1.237],[-1.254,0.863],[-1.97,0.439],[-3.874,0],[-3.044,-0.52],[0,0],[1.106,0.293],[1.367,0.261],[1.546,0.195],[1.676,0.13],[3.743,0],[3.108,-0.748],[2.213,-1.514],[1.237,-2.278],[0,-2.539]],"v":[[47.241,-23.877],[43.457,-28.735],[38.11,-32.324],[31.982,-35.107],[25.854,-37.573],[20.508,-40.234],[16.724,-43.555],[15.283,-47.998],[18.799,-54.688],[29.785,-57.178],[37.061,-56.616],[44.58,-54.98],[44.58,-62.793],[41.089,-63.525],[37.28,-64.136],[33.472,-64.551],[29.98,-64.697],[19.214,-63.184],[11.816,-59.204],[7.568,-53.564],[6.201,-47.119],[7.642,-40.625],[11.426,-35.864],[16.772,-32.349],[22.9,-29.59],[29.028,-27.124],[34.375,-24.487],[38.159,-21.216],[39.6,-16.797],[38.745,-12.549],[36.011,-9.399],[31.177,-7.446],[24.023,-6.787],[13.647,-7.568],[5.42,-9.717],[5.42,-1.318],[9.131,-0.488],[13.501,0.195],[18.335,0.684],[23.389,0.879],[33.667,-0.244],[41.65,-3.638],[46.826,-9.326],[48.682,-17.285]],"c":true},"ix":2},"nm":"S","mn":"ADBE Vector Shape - Group","hd":false}],"nm":"S","np":3,"cix":2,"bm":0,"ix":1,"mn":"ADBE Vector Group","hd":false}]},"fFamily":"Consolas"},{"ch":"2","size":41,"style":"Regular","w":54.98,"data":{"shapes":[{"ty":"gr","it":[{"ind":0,"ty":"sh","ix":1,"ks":{"a":0,"k":{"i":[[0,0],[0,0],[0,0],[-2.002,2.214],[-1.318,2.068],[-0.652,2.084],[0,2.441],[0.928,2.312],[1.692,1.595],[2.327,0.847],[2.832,0],[3.141,-1.53],[2.409,-2.539],[0,0],[-2.214,1.205],[-2.702,0],[-1.4,-0.618],[-0.879,-1.074],[-0.423,-1.416],[0,-1.562],[0.325,-1.432],[0.944,-1.611],[1.692,-1.953],[2.702,-2.669],[0,0],[0,0],[0,0]],"o":[[0,0],[0,0],[2.734,-2.637],[2.002,-2.213],[1.318,-2.067],[0.651,-2.083],[0,-2.897],[-0.928,-2.311],[-1.693,-1.595],[-2.328,-0.846],[-4.167,0],[-3.142,1.53],[0,0],[1.855,-1.92],[2.213,-1.204],[1.953,0],[1.399,0.619],[0.879,1.074],[0.423,1.416],[0,1.66],[-0.326,1.433],[-0.945,1.611],[-1.693,1.953],[0,0],[0,0],[0,0],[0,0]],"v":[[49.219,-8.105],[18.213,-8.105],[29.785,-19.385],[36.89,-26.66],[41.87,-33.081],[44.824,-39.307],[45.801,-46.094],[44.409,-53.906],[40.479,-59.766],[34.448,-63.428],[26.709,-64.697],[15.747,-62.402],[7.422,-56.299],[12.109,-50.684],[18.213,-55.371],[25.586,-57.178],[30.615,-56.25],[34.033,-53.711],[35.986,-49.976],[36.621,-45.508],[36.133,-40.869],[34.229,-36.304],[30.273,-30.957],[23.682,-24.023],[7.178,-7.617],[7.178,0],[49.219,0]],"c":true},"ix":2},"nm":"2","mn":"ADBE Vector Shape - Group","hd":false}],"nm":"2","np":3,"cix":2,"bm":0,"ix":1,"mn":"ADBE Vector Group","hd":false}]},"fFamily":"Consolas"},{"ch":"3","size":41,"style":"Regular","w":54.98,"data":{"shapes":[{"ty":"gr","it":[{"ind":0,"ty":"sh","ix":1,"ks":{"a":0,"k":{"i":[[0.797,1.66],[1.286,1.221],[1.611,0.781],[1.66,0.261],[-1.872,2.474],[0,3.646],[0.879,1.953],[1.725,1.367],[2.571,0.732],[3.385,0],[1.237,-0.114],[1.253,-0.211],[1.253,-0.309],[1.106,-0.391],[0,0],[-2.279,0.423],[-2.148,0],[-2.084,-1.562],[0,-3.418],[0.602,-1.383],[1.123,-0.944],[1.579,-0.504],[1.92,0],[0,0],[0,0],[0,0],[-1.97,-0.439],[-1.416,-0.879],[-0.781,-1.302],[0,-1.758],[0.651,-1.53],[1.432,-1.074],[2.262,-0.569],[3.19,0],[2.246,0.195],[2.018,0.359],[0,0],[-2.019,-0.163],[-2.539,0],[-3.451,1.057],[-2.279,1.839],[-1.14,2.458],[0,2.8]],"o":[[-0.798,-1.66],[-1.286,-1.221],[-1.611,-0.781],[3.255,-1.465],[1.871,-2.473],[0,-2.441],[-0.879,-1.953],[-1.726,-1.367],[-2.572,-0.732],[-1.14,0],[-1.237,0.114],[-1.254,0.212],[-1.254,0.31],[0,0],[2.604,-0.846],[2.278,-0.423],[4.036,0],[2.083,1.562],[0,1.758],[-0.603,1.384],[-1.123,0.945],[-1.579,0.505],[0,0],[0,0],[0,0],[2.344,0],[1.969,0.439],[1.416,0.879],[0.781,1.302],[0,1.921],[-0.652,1.53],[-1.433,1.074],[-2.263,0.57],[-2.344,0],[-2.246,-0.195],[0,0],[1.758,0.26],[2.018,0.163],[4.59,0],[3.45,-1.057],[2.278,-1.839],[1.139,-2.457],[0,-2.018]],"v":[[46.802,-24.902],[43.677,-29.224],[39.331,-32.227],[34.424,-33.789],[42.114,-39.697],[44.922,-48.877],[43.604,-55.469],[39.697,-60.449],[33.252,-63.599],[24.316,-64.697],[20.752,-64.526],[17.017,-64.038],[13.257,-63.257],[9.717,-62.207],[9.717,-54.785],[17.041,-56.689],[23.682,-57.324],[32.861,-54.98],[35.986,-47.51],[35.083,-42.798],[32.495,-39.307],[28.442,-37.134],[23.193,-36.377],[15.82,-36.377],[15.82,-29.395],[23.096,-29.395],[29.565,-28.735],[34.644,-26.758],[37.939,-23.486],[39.111,-18.896],[38.135,-13.721],[35.01,-9.814],[29.468,-7.349],[21.289,-6.494],[14.404,-6.787],[8.008,-7.617],[8.008,0],[13.672,0.635],[20.508,0.879],[32.568,-0.708],[41.162,-5.054],[46.289,-11.499],[47.998,-19.385]],"c":true},"ix":2},"nm":"3","mn":"ADBE Vector Shape - Group","hd":false}],"nm":"3","np":3,"cix":2,"bm":0,"ix":1,"mn":"ADBE Vector Group","hd":false}]},"fFamily":"Consolas"},{"ch":"5","size":41,"style":"Regular","w":54.98,"data":{"shapes":[{"ty":"gr","it":[{"ind":0,"ty":"sh","ix":1,"ks":{"a":0,"k":{"i":[[1.383,2.328],[2.262,1.384],[2.897,0.554],[3.059,0],[0,0],[0,0],[0,0],[0,0],[0,0],[0,0],[0,0],[-2.849,-1.807],[0,-3.971],[0.781,-1.643],[1.465,-1.155],[2.083,-0.618],[2.604,0],[2.262,0.195],[1.758,0.423],[0,0],[-1.025,-0.098],[-1.074,-0.082],[-1.091,-0.049],[-0.945,0],[-3.255,1.041],[-2.393,1.872],[-1.367,2.605],[0,3.158]],"o":[[-1.384,-2.327],[-2.263,-1.383],[-2.898,-0.553],[0,0],[0,0],[0,0],[0,0],[0,0],[0,0],[0,0],[5.338,0],[2.848,1.807],[0,2.051],[-0.781,1.644],[-1.465,1.156],[-2.084,0.619],[-2.312,0],[-2.263,-0.195],[0,0],[0.813,0.13],[1.025,0.098],[1.074,0.081],[1.09,0.049],[3.776,0],[3.255,-1.041],[2.393,-1.871],[1.367,-2.604],[0,-3.516]],"v":[[45.532,-29.175],[40.063,-34.741],[32.324,-37.646],[23.389,-38.477],[17.822,-38.477],[17.822,-56.396],[44.189,-56.396],[44.189,-63.818],[9.814,-63.818],[9.814,-31.201],[21.924,-31.201],[34.204,-28.491],[38.477,-19.824],[37.305,-14.282],[33.936,-10.083],[28.613,-7.422],[21.582,-6.494],[14.722,-6.787],[8.691,-7.715],[8.691,0],[11.45,0.342],[14.6,0.61],[17.847,0.806],[20.898,0.879],[31.445,-0.684],[39.917,-5.054],[45.557,-11.768],[47.607,-20.41]],"c":true},"ix":2},"nm":"5","mn":"ADBE Vector Shape - Group","hd":false}],"nm":"5","np":3,"cix":2,"bm":0,"ix":1,"mn":"ADBE Vector Group","hd":false}]},"fFamily":"Consolas"},{"ch":"6","size":41,"style":"Regular","w":54.98,"data":{"shapes":[{"ty":"gr","it":[{"ind":0,"ty":"sh","ix":1,"ks":{"a":0,"k":{"i":[[0.813,2.344],[1.611,1.677],[2.425,0.945],[3.223,0],[2.686,-0.732],[2.051,-1.204],[0,0],[-1.009,2.344],[-1.888,1.66],[-2.8,0.912],[-3.809,0],[0,0],[0,0],[0,0],[3.288,-0.895],[2.425,-1.611],[1.627,-2.246],[0.977,-2.702],[0.423,-3.059],[0,-3.255],[-0.945,-3.548],[-1.823,-2.327],[-2.702,-1.123],[-3.516,0],[-2.751,1.09],[-1.953,1.904],[-1.058,2.572],[0,2.93]],"o":[[-0.814,-2.344],[-1.611,-1.676],[-2.425,-0.944],[-3.125,0],[-2.686,0.732],[0,0],[0.26,-2.897],[1.009,-2.344],[1.888,-1.66],[2.799,-0.911],[0,0],[0,0],[0,0],[-4.33,0],[-3.288,0.896],[-2.425,1.611],[-1.628,2.246],[-0.977,2.702],[-0.423,3.06],[0,4.851],[0.944,3.548],[1.823,2.328],[2.702,1.123],[3.352,0],[2.75,-1.09],[1.953,-1.904],[1.057,-2.571],[0,-2.799]],"v":[[48.779,-27.93],[45.142,-33.96],[39.087,-37.891],[30.615,-39.307],[21.899,-38.208],[14.795,-35.303],[14.99,-37.305],[16.895,-45.166],[21.24,-51.172],[28.271,-55.029],[38.184,-56.396],[45.02,-56.396],[45.02,-63.818],[38.721,-63.818],[27.295,-62.476],[18.726,-58.716],[12.646,-52.93],[8.74,-45.508],[6.641,-36.865],[6.006,-27.393],[7.422,-14.795],[11.572,-5.981],[18.359,-0.806],[27.686,0.879],[36.841,-0.757],[43.896,-5.249],[48.413,-11.963],[50,-20.215]],"c":true},"ix":2},"nm":"6","mn":"ADBE Vector Shape - Group","hd":false},{"ind":1,"ty":"sh","ix":2,"ks":{"a":0,"k":{"i":[[0.635,-1.676],[1.123,-1.172],[1.546,-0.602],[1.855,0],[1.692,0.716],[1.155,1.693],[0.586,2.816],[0,4.199],[-1.107,0.521],[-1.221,0.407],[-1.27,0.228],[-1.237,0],[-1.546,-0.602],[-1.009,-1.09],[-0.472,-1.579],[0,-1.953]],"o":[[-0.635,1.677],[-1.123,1.172],[-1.546,0.603],[-2.214,0],[-1.693,-0.716],[-1.156,-1.692],[-0.586,-2.815],[0.911,-0.586],[1.106,-0.52],[1.221,-0.407],[1.27,-0.227],[2.148,0],[1.546,0.603],[1.009,1.091],[0.471,1.579],[0,2.148]],"v":[[40.161,-13.94],[37.524,-9.668],[33.521,-7.007],[28.418,-6.104],[22.559,-7.178],[18.286,-10.791],[15.674,-17.554],[14.795,-28.076],[17.822,-29.736],[21.313,-31.128],[25.049,-32.08],[28.809,-32.422],[34.351,-31.519],[38.184,-28.979],[40.405,-24.976],[41.113,-19.678]],"c":true},"ix":2},"nm":"6","mn":"ADBE Vector Shape - Group","hd":false}],"nm":"6","np":5,"cix":2,"bm":0,"ix":1,"mn":"ADBE Vector Group","hd":false}]},"fFamily":"Consolas"},{"ch":"7","size":41,"style":"Regular","w":54.98,"data":{"shapes":[{"ty":"gr","it":[{"ind":0,"ty":"sh","ix":1,"ks":{"a":0,"k":{"i":[[0,0],[0,0],[0,0],[0,0],[0,0],[0,0],[0,0]],"o":[[0,0],[0,0],[0,0],[0,0],[0,0],[0,0],[0,0]],"v":[[48.877,-63.818],[5.713,-63.818],[5.713,-55.908],[40.186,-55.908],[12.402,0],[22.119,0],[48.877,-55.908]],"c":true},"ix":2},"nm":"7","mn":"ADBE Vector Shape - Group","hd":false}],"nm":"7","np":3,"cix":2,"bm":0,"ix":1,"mn":"ADBE Vector Group","hd":false}]},"fFamily":"Consolas"},{"ch":"8","size":41,"style":"Regular","w":54.98,"data":{"shapes":[{"ty":"gr","it":[{"ind":0,"ty":"sh","ix":1,"ks":{"a":0,"k":{"i":[[0.667,1.726],[1.204,1.4],[1.627,1.14],[1.888,0.945],[-2.068,2.605],[0,3.711],[0.846,1.855],[1.692,1.302],[2.49,0.7],[3.288,0],[2.571,-0.895],[1.709,-1.497],[0.846,-1.92],[0,-2.051],[-1.921,-2.588],[-4.167,-2.116],[2.18,-2.832],[0,-3.906],[-0.912,-1.92],[-1.791,-1.399],[-2.654,-0.781],[-3.484,0],[-2.702,0.748],[-1.986,1.433],[-1.107,2.1],[0,2.702]],"o":[[-0.668,-1.725],[-1.205,-1.399],[-1.628,-1.139],[3.809,-1.953],[2.067,-2.604],[0,-2.278],[-0.847,-1.855],[-1.693,-1.302],[-2.49,-0.7],[-3.484,0],[-2.572,0.896],[-1.709,1.498],[-0.847,1.921],[0,3.353],[1.92,2.588],[-4.558,2.312],[-2.181,2.832],[0,2.312],[0.911,1.921],[1.79,1.4],[2.653,0.781],[3.157,0],[2.702,-0.748],[1.985,-1.432],[1.106,-2.1],[0,-2.116]],"v":[[48.218,-21.777],[45.41,-26.465],[41.162,-30.273],[35.889,-33.398],[44.702,-40.234],[47.803,-49.707],[46.533,-55.908],[42.725,-60.645],[36.45,-63.647],[27.783,-64.697],[18.701,-63.354],[12.28,-59.766],[8.447,-54.639],[7.178,-48.682],[10.059,-39.771],[19.189,-32.715],[9.082,-25],[5.811,-14.893],[7.178,-8.545],[11.23,-3.564],[17.896,-0.293],[27.1,0.879],[35.889,-0.244],[42.92,-3.516],[47.559,-8.813],[49.219,-16.016]],"c":true},"ix":2},"nm":"8","mn":"ADBE Vector Shape - Group","hd":false},{"ind":1,"ty":"sh","ix":2,"ks":{"a":0,"k":{"i":[[1.79,-1.871],[3.678,-1.725],[1.53,0.912],[1.025,0.945],[0.488,1.074],[0,1.27],[-2.035,1.4],[-3.646,0],[-2.035,-1.416],[0,-2.897]],"o":[[-1.791,1.872],[-2.116,-0.944],[-1.53,-0.911],[-1.025,-0.944],[-0.488,-1.074],[0,-2.799],[2.034,-1.399],[3.678,0],[2.034,1.416],[0,2.474]],"v":[[36.426,-42.505],[28.223,-37.109],[22.754,-39.893],[18.921,-42.676],[16.65,-45.703],[15.918,-49.219],[18.97,-55.518],[27.49,-57.617],[36.06,-55.493],[39.111,-49.023]],"c":true},"ix":2},"nm":"8","mn":"ADBE Vector Shape - Group","hd":false},{"ind":2,"ty":"sh","ix":3,"ks":{"a":0,"k":{"i":[[0.651,-1.123],[1.123,-0.732],[1.53,-0.358],[1.725,0],[1.53,0.391],[1.106,0.781],[0.635,1.123],[0,1.465],[-0.391,1.172],[-0.928,1.091],[-1.514,1.058],[-2.214,1.074],[-1.693,-1.106],[-1.009,-1.106],[-0.391,-1.139],[0,-1.204]],"o":[[-0.652,1.123],[-1.123,0.732],[-1.53,0.359],[-1.791,0],[-1.53,-0.391],[-1.107,-0.781],[-0.635,-1.123],[0,-1.302],[0.391,-1.172],[0.928,-1.09],[1.514,-1.057],[2.604,1.172],[1.692,1.107],[1.009,1.107],[0.391,1.14],[0,1.562]],"v":[[39.014,-11.353],[36.353,-8.569],[32.373,-6.934],[27.49,-6.396],[22.51,-6.982],[18.555,-8.74],[15.942,-11.597],[14.99,-15.479],[15.576,-19.189],[17.554,-22.583],[21.216,-25.806],[26.807,-29.004],[33.252,-25.586],[37.305,-22.266],[39.404,-18.896],[39.99,-15.381]],"c":true},"ix":2},"nm":"8","mn":"ADBE Vector Shape - Group","hd":false}],"nm":"8","np":6,"cix":2,"bm":0,"ix":1,"mn":"ADBE Vector Group","hd":false}]},"fFamily":"Consolas"},{"ch":"9","size":41,"style":"Regular","w":54.98,"data":{"shapes":[{"ty":"gr","it":[{"ind":0,"ty":"sh","ix":1,"ks":{"a":0,"k":{"i":[[1.106,3.711],[1.953,2.328],[2.686,1.042],[3.157,0],[2.702,-1.106],[1.936,-1.904],[1.074,-2.571],[0,-2.962],[-0.814,-2.327],[-1.611,-1.692],[-2.441,-0.944],[-3.223,0],[-2.67,0.732],[-2.051,1.205],[0,0],[1.074,-2.36],[2.034,-1.643],[3.059,-0.846],[4.199,0],[0,0],[0,0],[0,0],[-4.33,1.367],[-2.93,2.881],[-1.498,4.476],[0,6.218]],"o":[[-1.107,-3.711],[-1.953,-2.327],[-2.686,-1.041],[-3.255,0],[-2.702,1.107],[-1.937,1.904],[-1.074,2.572],[0,2.734],[0.813,2.328],[1.611,1.693],[2.441,0.945],[3.125,0],[2.669,-0.732],[0,0],[-0.261,3.027],[-1.074,2.361],[-2.035,1.644],[-3.06,0.847],[0,0],[0,0],[0,0],[5.664,0],[4.329,-1.367],[2.93,-2.881],[1.497,-4.475],[0,-5.305]],"v":[[47.217,-49.023],[42.627,-58.081],[35.669,-63.135],[26.904,-64.697],[17.969,-63.037],[11.011,-58.521],[6.494,-51.807],[4.883,-43.506],[6.104,-35.913],[9.741,-29.883],[15.82,-25.928],[24.316,-24.512],[33.008,-25.61],[40.088,-28.516],[39.893,-26.514],[37.891,-18.433],[33.228,-12.427],[25.586,-8.691],[14.697,-7.422],[8.789,-7.422],[8.789,0],[14.111,0],[29.102,-2.051],[39.99,-8.423],[46.631,-19.458],[48.877,-35.498]],"c":true},"ix":2},"nm":"9","mn":"ADBE Vector Shape - Group","hd":false},{"ind":1,"ty":"sh","ix":2,"ks":{"a":0,"k":{"i":[[-1.677,-0.716],[-1.172,-1.709],[-0.619,-2.815],[0,-4.199],[1.106,-0.52],[1.221,-0.391],[1.286,-0.227],[1.204,0],[1.562,0.586],[0.993,1.091],[0.471,1.562],[0,1.986],[-0.652,1.693],[-1.123,1.156],[-1.546,0.603],[-1.823,0]],"o":[[1.676,0.716],[1.172,1.709],[0.618,2.816],[-0.879,0.586],[-1.107,0.521],[-1.221,0.391],[-1.286,0.228],[-2.148,0],[-1.562,-0.586],[-0.993,-1.09],[-0.472,-1.562],[0,-2.18],[0.651,-1.692],[1.123,-1.155],[1.546,-0.602],[2.116,0]],"v":[[32.202,-56.641],[36.475,-53.003],[39.16,-46.216],[40.088,-35.693],[37.109,-34.033],[33.618,-32.666],[29.858,-31.738],[26.123,-31.396],[20.557,-32.275],[16.724,-34.79],[14.526,-38.77],[13.818,-44.092],[14.795,-49.902],[17.456,-54.175],[21.46,-56.812],[26.514,-57.715]],"c":true},"ix":2},"nm":"9","mn":"ADBE Vector Shape - Group","hd":false}],"nm":"9","np":5,"cix":2,"bm":0,"ix":1,"mn":"ADBE Vector Group","hd":false}]},"fFamily":"Consolas"},{"ch":"\u0003","size":41,"style":"Regular","w":0,"fFamily":"Consolas"}]}